,sa,hi_ref,hi_pred,BLEU,CHRF++
0,अस्तीत्येवोपलब्धव्यस्तत्त्वभावेन चोभयोः अस्तीत्येवोपलब्धस्य तत्त्वभावः प्रसीदति,वह आत्मा 'है' इस प्रकार ही उपलब्ध किया जाना चाहिये तथा उसे तत्त्वभावसे भी जानना चाहिये इन दोनों प्रकारकी उपलब्धियोंमेंसे जिसे 'है' इस प्रकारकी उपलब्धि हो गयी है तत्त्वभाव उसके अभिमुख हो जाता है,वह आत्मा 'है' इस प्रकार ही उपलब्ध किया जाना चाहिये तथा उसे तत्त्वभावसे भी जानना चाहिये इन दोनों प्रकारकी उपलब्धियोंमेंसे जिसे 'है' इस प्रकारकी उपलब्धि हो गयी है तत्त्वभाव उसके अभिमुख हो जाता है,100.00000000000004,100.0
1,चोभयोः अस्तीत्येवोपलब्धव्यस्तत्त्वभावेन प्रसीदति तत्त्वभावः अस्तीत्येवोपलब्धस्य,वह आत्मा 'है' इस प्रकार ही उपलब्ध किया जाना चाहिये तथा उसे तत्त्वभावसे भी जानना चाहिये इन दोनों प्रकारकी उपलब्धियोंमेंसे जिसे 'है' इस प्रकारकी उपलब्धि हो गयी है तत्त्वभाव उसके अभिमुख हो जाता है,वह आत्मा 'है' इस प्रकार ही उपलब्ध किया जाना चाहिये तथा उसे तत्त्वभावसे भी जानना चाहिये इन दोनों प्रकारकी उपलब्धियोंमेंसे जिसे 'है' इस प्रकारकी उपलब्धि हो गयी है तत्त्वभाव उसके अभिमुख हो जाता है,100.00000000000004,100.0
2,तत्त्वभावः अस्तीत्येवोपलब्धस्य चोभयोः प्रसीदति अस्तीत्येवोपलब्धव्यस्तत्त्वभावेन,वह आत्मा 'है' इस प्रकार ही उपलब्ध किया जाना चाहिये तथा उसे तत्त्वभावसे भी जानना चाहिये इन दोनों प्रकारकी उपलब्धियोंमेंसे जिसे 'है' इस प्रकारकी उपलब्धि हो गयी है तत्त्वभाव उसके अभिमुख हो जाता है,वह आत्मा 'है' इस प्रकार ही उपलब्ध किया जाना चाहिये तथा उसे तत्त्वभावसे भी जानना चाहिये इन दोनों प्रकारकी उपलब्धियोंमेंसे जिसे 'है' इस प्रकारकी उपलब्धि हो गयी है तत्त्वभाव उसके अभिमुख हो जाता है,100.00000000000004,100.0
3,[वै] यथा त्वया दृष्टा तथाऽऽस्ते त्वत्प्रतीक्षिणी सा दद्यमाना भृशं वाला पत्रार्धेनाभिसंवृता,'उसे तुमने जिस अवस्थामें देखा था. उसी अवस्थामें वह आज भी है और तुम्हारे आगमन की प्रतीक्षा कर रही है आधे वखते अपने शरीरको ढँककर वह युवती तुम्हारी विरहाग्निमें निरन्तर जल रही है,'उसे तुमने जिस अवस्थामें देखा था. उसी अवस्थामें वह आज भी है और तुम्हारे आगमन की प्रतीक्षा कर रही है आधे वखते अपने शरीरको ढँककर वह युवती तुम्हारी विरहाग्निमें निरन्तर जल रही है,100.00000000000004,100.0
4,सा त्वया पत्रार्धेनाभिसंवृता यथा त्वत्प्रतीक्षिणी भृशं दद्यमाना वाला दृष्टा [वै] तथाऽऽस्ते,'उसे तुमने जिस अवस्थामें देखा था. उसी अवस्थामें वह आज भी है और तुम्हारे आगमन की प्रतीक्षा कर रही है आधे वखते अपने शरीरको ढँककर वह युवती तुम्हारी विरहाग्निमें निरन्तर जल रही है,'उसे तुमने जिस अवस्थामें देखा था. उसी अवस्थामें वह आज भी है और तुम्हारे आगमन की प्रतीक्षा कर रही है आधे वखते अपने शरीरको ढँककर वह युवती तुम्हारी विरहाग्निमें निरन्तर जल रही है,100.00000000000004,100.0
5,भिन्नं ? किं करणम् इत्युच्यते पुनस्तदेवैकमनेकधा,पहले जो एक ही अनेक प्रकार से विभिन्न करण बतलाया है वह कौन है ? इसपर कहते हैं,पहले जो एक ही अनेक प्रकार से विभिन्न करण बतलाया है वह कौन है? इसपर कहते हैं,100.00000000000004,100.0
6,किं इत्युच्यते ? पुनस्तदेवैकमनेकधा करणम् भिन्नं,पहले जो एक ही अनेक प्रकार से विभिन्न करण बतलाया है वह कौन है ? इसपर कहते हैं,पहले जो एक ही अनेक प्रकार से विभिन्न करण बतलाया है वह कौन है? इसपर कहते हैं,100.00000000000004,100.0
7,नानात्वमेकत्वमुभत्वमन्यता अणुत्वदीर्घत्वमहत्वशून्यता ॥,"उसमें अनेकपना नहीं हैं, एकत्व नहीं हैं, भेद भी नहीं हैं, छोटापन, लम्बापन बड़ापन ये भी उसमें नहीं हैं, प्रमाण, अप्रमाण, समता, इनसे बर्जित है, उस नित्य ईश्वर आत्मा को योगी प्राप्त होता है","उसमें अनेकपना नहीं हैं, एकत्व नहीं हैं, भेद भी नहीं हैं, छोटापन, लम्बापन बड़ापन ये भी उसमें नहीं हैं, प्रमाण, अप्रमाण, समता, इनसे बर्जित है, उस नित्य ईश्वर आत्मा को योगी प्राप्त होता है",100.00000000000004,100.0
8,अणुत्वदीर्घत्वमहत्वशून्यता नानात्वमेकत्वमुभत्वमन्यता ॥,"उसमें अनेकपना नहीं हैं, एकत्व नहीं हैं, भेद भी नहीं हैं, छोटापन, लम्बापन बड़ापन ये भी उसमें नहीं हैं, प्रमाण, अप्रमाण, समता, इनसे बर्जित है, उस नित्य ईश्वर आत्मा को योगी प्राप्त होता है","उसमें अनेकपना नहीं हैं, एकत्व नहीं हैं, भेद भी नहीं हैं, छोटापन, लम्बापन बड़ापन ये भी उसमें नहीं हैं, प्रमाण, अप्रमाण, समता, इनसे बर्जित है, उस नित्य ईश्वर आत्मा को योगी प्राप्त होता है",100.00000000000004,100.0
9,नानात्वमेकत्वमुभत्वमन्यता अणुत्वदीर्घत्वमहत्वशून्यता ॥,"उसमें अनेकपना नहीं हैं, एकत्व नहीं हैं, भेद भी नहीं हैं, छोटापन, लम्बापन बड़ापन ये भी उसमें नहीं हैं, प्रमाण, अप्रमाण, समता, इनसे बर्जित है, उस नित्य ईश्वर आत्मा को योगी प्राप्त होता है","उसमें अनेकपना नहीं हैं, एकत्व नहीं हैं, भेद भी नहीं हैं, छोटापन, लम्बापन बड़ापन ये भी उसमें नहीं हैं, प्रमाण, अप्रमाण, समता, इनसे बर्जित है, उस नित्य ईश्वर आत्मा को योगी प्राप्त होता है",100.00000000000004,100.0
10,जितेन्द्रियोऽहं त्वजितेन्द्रियो वा न संयमो मे नियमो न जातः ॥,में जितेन्द्रिय हूँ और अजितेन्द्रिय हूँ न मेरे संयम है नियम है हे मित्र ! जीतना और हारना मेरे नहीं है उसका वर्णन कैसे करूँ में मोक्ष स्वरूप हूँ और निरोग हूँ,में जितेन्द्रिय हूँ और अजितेन्द्रिय हूँ न मेरे संयम है नियम है हे मित्र! जीतना और हारना मेरे नहीं है उसका वर्णन कैसे करूँ में मोक्ष स्वरूप हूँ और निरोग हूँ,100.00000000000004,100.0
11,सिद्धिः एवं त्वमुं कल्पितम् नैव स्वयं विकल्पवर्जनं मार्गं प्रवर्तते योगिनां ज्ञात्वा तेषां,जो कल्पना नहीं किया गया है और विकल्पसे वर्जित है ऐसे योगियों के इस मार्ग को जानकर उनकी सिद्धि आपही होजाती है,जो कल्पना नहीं किया गया है और विकल्पसे वर्जित है ऐसे योगियों के इस मार्ग को जानकर उनकी सिद्धि आपही होजाती है,100.00000000000004,100.0
12,नो व्यापकं व्याप्यमिहास्ति किंचित् न चालयं वापि निरालयं वा ॥,न तो यहां कुछ व्यापक है न व्यापक होने के योग्य कुछ है न उपदेश है न क्रिया है फिर उस ज्ञानस्वरूप को कैसे कहूँ में मोक्ष स्वरूप हूँ और निरोग हूँ,न तो यहां कुछ व्यापक है न व्यापक होने के योग्य कुछ है न उपदेश है न क्रिया है फिर उस ज्ञानस्वरूप को कैसे कहूँ में मोक्ष स्वरूप हूँ और निरोग हूँ,100.00000000000004,100.0
13,व्याप्यमिहास्ति वा नो वापि किंचित् निरालयं व्यापकं चालयं न ॥,न तो यहां कुछ व्यापक है न व्यापक होने के योग्य कुछ है न उपदेश है न क्रिया है फिर उस ज्ञानस्वरूप को कैसे कहूँ में मोक्ष स्वरूप हूँ और निरोग हूँ,न तो यहां कुछ व्यापक है न व्यापक होने के योग्य कुछ है न उपदेश है न क्रिया है फिर उस ज्ञानस्वरूप को कैसे कहूँ में मोक्ष स्वरूप हूँ और निरोग हूँ,100.00000000000004,100.0
14,दमयन्त्युवाच मां चेदिच्छसि जीवन्तीं मातः सत्यं ब्रवीमि ते नलस्य नरवीरस्य यतस्वानयने पुनः,"दमयन्ती बोली माँ ! यादे मुझे जीवित देखना चाहती हो तो मैं तुमसे सच कहती हूँ, नरवीर महाराज न की खोज करानेका पुनः प्रयत्न करो","दमयन्ती बोली माँ! यादे मुझे जीवित देखना चाहती हो तो मैं तुमसे सच कहती हूँ, नरवीर महाराज न की खोज करानेका पुनः प्रयत्न करो",100.00000000000004,100.0
15,पुनः यतस्वानयने ते दमयन्त्युवाच नरवीरस्य सत्यं नलस्य ब्रवीमि जीवन्तीं मातः मां चेदिच्छसि,"दमयन्ती बोली माँ ! यादे मुझे जीवित देखना चाहती हो तो मैं तुमसे सच कहती हूँ, नरवीर महाराज न की खोज करानेका पुनः प्रयत्न करो","दमयन्ती बोली माँ! यादे मुझे जीवित देखना चाहती हो तो मैं तुमसे सच कहती हूँ, नरवीर महाराज न की खोज करानेका पुनः प्रयत्न करो",100.00000000000004,100.0
16,चेदिच्छसि पुनः नरवीरस्य मातः दमयन्त्युवाच यतस्वानयने ते नलस्य ब्रवीमि जीवन्तीं मां सत्यं,"दमयन्ती बोली माँ ! यादे मुझे जीवित देखना चाहती हो तो मैं तुमसे सच कहती हूँ, नरवीर महाराज न की खोज करानेका पुनः प्रयत्न करो","दमयन्ती बोली माँ! यादे मुझे जीवित देखना चाहती हो तो मैं तुमसे सच कहती हूँ, नरवीर महाराज न की खोज करानेका पुनः प्रयत्न करो",100.00000000000004,100.0
17,न मानसं कर्म शुभाशुभं मे न कायिकं कर्म शुभाशुभं मे ॥,"मेरे बीच में मन संबंधी शुभ अशुभ कर्म नहीं हैं शरीर संबंधी शुभ अशुभ कर्म नहीं हैं वाणीसंबंधी शुभ अशुभ कर्म मुझमें नहीं हैं में ज्ञानअमृत स्वरूप हूं, शुद्ध हूं और इन्द्रियों से परैं हूं","मेरे बीच में मन संबंधी शुभ अशुभ कर्म नहीं हैं शरीर संबंधी शुभ अशुभ कर्म नहीं हैं वाणीसंबंधी शुभ अशुभ कर्म मुझमें नहीं हैं में ज्ञानअमृत स्वरूप हूं, शुद्ध हूं और इन्द्रियों से परैं हूं",100.00000000000004,100.0
18,शुभाशुभं न कर्म मे शुभाशुभं मे मानसं कर्म कायिकं न ॥,"मेरे बीच में मन संबंधी शुभ अशुभ कर्म नहीं हैं शरीर संबंधी शुभ अशुभ कर्म नहीं हैं वाणीसंबंधी शुभ अशुभ कर्म मुझमें नहीं हैं में ज्ञानअमृत स्वरूप हूं, शुद्ध हूं और इन्द्रियों से परैं हूं","मेरे बीच में मन संबंधी शुभ अशुभ कर्म नहीं हैं शरीर संबंधी शुभ अशुभ कर्म नहीं हैं वाणीसंबंधी शुभ अशुभ कर्म मुझमें नहीं हैं में ज्ञानअमृत स्वरूप हूं, शुद्ध हूं और इन्द्रियों से परैं हूं",100.00000000000004,100.0
19,न न शुभाशुभं मे कायिकं शुभाशुभं मानसं मे कर्म कर्म ॥,"मेरे बीच में मन संबंधी शुभ अशुभ कर्म नहीं हैं शरीर संबंधी शुभ अशुभ कर्म नहीं हैं वाणीसंबंधी शुभ अशुभ कर्म मुझमें नहीं हैं में ज्ञानअमृत स्वरूप हूं, शुद्ध हूं और इन्द्रियों से परैं हूं","मेरे बीच में मन संबंधी शुभ अशुभ कर्म नहीं हैं शरीर संबंधी शुभ अशुभ कर्म नहीं हैं वाणीसंबंधी शुभ अशुभ कर्म मुझमें नहीं हैं में ज्ञानअमृत स्वरूप हूं, शुद्ध हूं और इन्द्रियों से परैं हूं",100.00000000000004,100.0
20,तृतीयं नहि दुःखसमागमनं न गुणाद्वितीयस्य समागमनं ॥,तीसरे जिसमें दुःख की प्राप्ति नहीं गुण से सुखकी प्राप्ति नहीं है यदि एक है निरंतर सबमें शिवरूप है तो बूढा जवान बालक ये कैसे है,तीसरे जिसमें दुःख की प्राप्ति नहीं गुण से सुखकी प्राप्ति नहीं है यदि एक है निरंतर सबमें शिवरूप है तो बूढा जवान बालक ये कैसे है,100.00000000000004,100.0
21,तृतीयं समागमनं नहि दुःखसमागमनं न गुणाद्वितीयस्य ॥,तीसरे जिसमें दुःख की प्राप्ति नहीं गुण से सुखकी प्राप्ति नहीं है यदि एक है निरंतर सबमें शिवरूप है तो बूढा जवान बालक ये कैसे है,तीसरे जिसमें दुःख की प्राप्ति नहीं गुण से सुखकी प्राप्ति नहीं है यदि एक है निरंतर सबमें शिवरूप है तो बूढा जवान बालक ये कैसे है,100.00000000000004,100.0
22,वर्तमानेषु च निरामयम् वासना वर्जिता वर्तेत लक्षणम् तस्य वक्तव्यं वकारं येन,"विषय वासना जिसमें है नहीं, कुशल पूर्वक बोलता है जो वर्तमान है उनमें वर्तता है यह वकार का लक्षण है","विषय वासना जिसमें है नहीं, कुशल पूर्वक बोलता है जो वर्तमान है उनमें वर्तता है यह वकार का लक्षण है",100.00000000000004,100.0
23,ननु रूपविरूपविहीन इति ननु भिन्नविभिन्नविहीन इति ॥,निश्चय वह रूप और कुरूपसे अलग है निश्चय वह भेद और अभेद से अलग है निश्चय वह सृष्टि और विसर्ग से अलग है फिर हे मन ! सब की तरह क्यों विलाप करता है,निश्चय वह रूप और कुरूपसे अलग है निश्चय वह भेद और अभेद से अलग है निश्चय वह सृष्टि और विसर्ग से अलग है फिर हे मन! सब की तरह क्यों विलाप करता है,100.00000000000004,100.0
24,ननु इति इति भिन्नविभिन्नविहीन रूपविरूपविहीन ननु ॥,निश्चय वह रूप और कुरूपसे अलग है निश्चय वह भेद और अभेद से अलग है निश्चय वह सृष्टि और विसर्ग से अलग है फिर हे मन ! सब की तरह क्यों विलाप करता है,निश्चय वह रूप और कुरूपसे अलग है निश्चय वह भेद और अभेद से अलग है निश्चय वह सृष्टि और विसर्ग से अलग है फिर हे मन! सब की तरह क्यों विलाप करता है,100.00000000000004,100.0
25,रूपविरूपविहीन इति ननु ननु भिन्नविभिन्नविहीन इति ॥,निश्चय वह रूप और कुरूपसे अलग है निश्चय वह भेद और अभेद से अलग है निश्चय वह सृष्टि और विसर्ग से अलग है फिर हे मन ! सब की तरह क्यों विलाप करता है,निश्चय वह रूप और कुरूपसे अलग है निश्चय वह भेद और अभेद से अलग है निश्चय वह सृष्टि और विसर्ग से अलग है फिर हे मन! सब की तरह क्यों विलाप करता है,100.00000000000004,100.0
26,शिवं न जानामि कथं वदामि शिवं न जानामि कथं भजामि ॥,शिवको में नहीं जानताहूं किस तरह बताऊं शिवको जानता नहीं हूं किस तरह भजूं यदि में ही शिव हूं तौ परम तत्वरूप हूं समान स्वरूप हूं आकाश के समान हूँ,शिवको में नहीं जानताहूं किस तरह बताऊं शिवको जानता नहीं हूं किस तरह भजूं यदि में ही शिव हूं तौ परम तत्वरूप हूं समान स्वरूप हूं आकाश के समान हूँ,100.00000000000004,100.0
27,न जानामि कथं जानामि वदामि न शिवं शिवं कथं भजामि ॥,शिवको में नहीं जानताहूं किस तरह बताऊं शिवको जानता नहीं हूं किस तरह भजूं यदि में ही शिव हूं तौ परम तत्वरूप हूं समान स्वरूप हूं आकाश के समान हूँ,शिवको में नहीं जानताहूं किस तरह बताऊं शिवको जानता नहीं हूं किस तरह भजूं यदि में ही शिव हूं तौ परम तत्वरूप हूं समान स्वरूप हूं आकाश के समान हूँ,100.00000000000004,100.0
28,न वदामि कथं न जानामि कथं शिवं जानामि भजामि शिवं ॥,शिवको में नहीं जानताहूं किस तरह बताऊं शिवको जानता नहीं हूं किस तरह भजूं यदि में ही शिव हूं तौ परम तत्वरूप हूं समान स्वरूप हूं आकाश के समान हूँ,शिवको में नहीं जानताहूं किस तरह बताऊं शिवको जानता नहीं हूं किस तरह भजूं यदि में ही शिव हूं तौ परम तत्वरूप हूं समान स्वरूप हूं आकाश के समान हूँ,100.00000000000004,100.0
29,आत्मैव केवलं सर्वे भेदाभेदो न विद्यते अस्तिनास्तिकथं ब्रूयां विस्मयः प्रतिभाति मे,केवल आत्माही सबमें है इसमें भेद और अभेद कुछ नहीं है इसके संबंध में अस्ति नास्ति किस तरह कहा जाय ये मुझको बडा आश्चर्य मालुम होता है,केवल आत्माही सबमें है इसमें भेद और अभेद कुछ नहीं है इसके संबंध में अस्ति नास्ति किस तरह कहा जाय ये मुझको बडा आश्चर्य मालुम होता है,100.00000000000004,100.0
30,ब्रूयां न विद्यते केवलं आत्मैव सर्वे भेदाभेदो प्रतिभाति अस्तिनास्तिकथं विस्मयः मे,केवल आत्माही सबमें है इसमें भेद और अभेद कुछ नहीं है इसके संबंध में अस्ति नास्ति किस तरह कहा जाय ये मुझको बडा आश्चर्य मालुम होता है,केवल आत्माही सबमें है इसमें भेद और अभेद कुछ नहीं है इसके संबंध में अस्ति नास्ति किस तरह कहा जाय ये मुझको बडा आश्चर्य मालुम होता है,100.00000000000004,100.0
31,ब्रूयां केवलं आत्मैव भेदाभेदो विद्यते सर्वे प्रतिभाति मे विस्मयः अस्तिनास्तिकथं न,केवल आत्माही सबमें है इसमें भेद और अभेद कुछ नहीं है इसके संबंध में अस्ति नास्ति किस तरह कहा जाय ये मुझको बडा आश्चर्य मालुम होता है,केवल आत्माही सबमें है इसमें भेद और अभेद कुछ नहीं है इसके संबंध में अस्ति नास्ति किस तरह कहा जाय ये मुझको बडा आश्चर्य मालुम होता है,100.00000000000004,100.0
32,नहि याज्ञिकयज्ञविभाग इति न हुताशनवस्तुविभाग इति ॥,याज्ञिक और यज्ञ इनका विभाग नहीं है न अग्नि और वस्तुका विभाग है यदि एक भेद रहित सबमें शिव है तो कर्म के फल कैसे होते है सो कहो,याज्ञिक और यज्ञ इनका विभाग नहीं है न अग्नि और वस्तुका विभाग है यदि एक भेद रहित सबमें शिव है तो कर्म के फल कैसे होते है सो कहो,100.00000000000004,100.0
33,याज्ञिकयज्ञविभाग न नहि इति इति हुताशनवस्तुविभाग ॥,याज्ञिक और यज्ञ इनका विभाग नहीं है न अग्नि और वस्तुका विभाग है यदि एक भेद रहित सबमें शिव है तो कर्म के फल कैसे होते है सो कहो,याज्ञिक और यज्ञ इनका विभाग नहीं है न अग्नि और वस्तुका विभाग है यदि एक भेद रहित सबमें शिव है तो कर्म के फल कैसे होते है सो कहो,100.00000000000004,100.0
34,याज्ञिकयज्ञविभाग न हुताशनवस्तुविभाग इति नहि इति ॥,याज्ञिक और यज्ञ इनका विभाग नहीं है न अग्नि और वस्तुका विभाग है यदि एक भेद रहित सबमें शिव है तो कर्म के फल कैसे होते है सो कहो,याज्ञिक और यज्ञ इनका विभाग नहीं है न अग्नि और वस्तुका विभाग है यदि एक भेद रहित सबमें शिव है तो कर्म के फल कैसे होते है सो कहो,100.00000000000004,100.0
35,ज्ञानं न तर्कों न समाधियोगो न देशकालौ न गुरूपदेशः ॥,"न ज्ञान है, न तर्क है, न समाधि और योग हैं, न देशकाल हैं, न गुरू का उपदेश है, में स्वभाव ही से ज्ञानस्वरूप, परमतत्व, आकाश के समान, स्वाभाविक, और नित्य हूँ","न ज्ञान है, न तर्क है, न समाधि और योग हैं, न देशकाल हैं, न गुरू का उपदेश है, में स्वभाव ही से ज्ञानस्वरूप, परमतत्व, आकाश के समान, स्वाभाविक, और नित्य हूँ",100.00000000000004,100.0
36,निष्कामकाममिहनाम कथं वदामि निःसंगसंगमिहनाम कथं वदामि ॥,"कामना रहित जो काम है उसका वर्णन कैसे करूँ, निःसंग को संगता में किस प्रकार कहूँ निःसार को सार रहितत्व कैसे कहूँ मैं ज्ञान और अमृत स्वरूप हूँ, समान रस हूँ, आकाश के समान हूँ","कामना रहित जो काम है उसका वर्णन कैसे करूँ, निःसंग को संगता में किस प्रकार कहूँ निःसार को सार रहितत्व कैसे कहूँ मैं ज्ञान और अमृत स्वरूप हूँ, समान रस हूँ, आकाश के समान हूँ",100.00000000000004,100.0
37,निष्कामकाममिहनाम निःसंगसंगमिहनाम कथं वदामि वदामि कथं ॥,"कामना रहित जो काम है उसका वर्णन कैसे करूँ, निःसंग को संगता में किस प्रकार कहूँ निःसार को सार रहितत्व कैसे कहूँ मैं ज्ञान और अमृत स्वरूप हूँ, समान रस हूँ, आकाश के समान हूँ","कामना रहित जो काम है उसका वर्णन कैसे करूँ, निःसंग को संगता में किस प्रकार कहूँ निःसार को सार रहितत्व कैसे कहूँ मैं ज्ञान और अमृत स्वरूप हूँ, समान रस हूँ, आकाश के समान हूँ",100.00000000000004,100.0
38,कथं वदामि वदामि निःसंगसंगमिहनाम कथं निष्कामकाममिहनाम ॥,"कामना रहित जो काम है उसका वर्णन कैसे करूँ, निःसंग को संगता में किस प्रकार कहूँ निःसार को सार रहितत्व कैसे कहूँ मैं ज्ञान और अमृत स्वरूप हूँ, समान रस हूँ, आकाश के समान हूँ","कामना रहित जो काम है उसका वर्णन कैसे करूँ, निःसंग को संगता में किस प्रकार कहूँ निःसार को सार रहितत्व कैसे कहूँ मैं ज्ञान और अमृत स्वरूप हूँ, समान रस हूँ, आकाश के समान हूँ",100.00000000000004,100.0
39,तथा चरन्ती पाञ्चाली सुदेष्णाया निवेशने तां देवीं तोषयामास तथा चान्तःपुरस्त्रियः,सुदेष्णाके महलमें पूर्वोक्तरूपसे सेवा करती हुई पाञ्चालीने महारानी तथा अन्तःपुरकी अन्य खियको पूर्ण प्रसन्न कर लिया,सुदेष्णाके महलमें पूर्वोक्तरूपसे सेवा करती हुई पाञ्चालीने महारानी तथा अन्तःपुरकी अन्य खियको पूर्ण प्रसन्न कर लिया,100.00000000000004,100.0
40,मातापितादि तनयादि न मे कदाचि ज्जातं मृतं न च मनो न च मे कदाचित् ॥,"मेरे माता, पिता वा पुत्रादि कभी नहीं हुए, न मैंने कभी जन्म लिया न में मरा, मेरे कभी मन स्थिर है, यह परमार्थ तत्व व्याकुलता रहित, स्थिर है, में ज्ञानामृत, समरस और गगनोपम हूँ","मेरे माता, पिता वा पुत्रादि कभी नहीं हुए, न मैंने कभी जन्म लिया न में मरा, मेरे कभी मन स्थिर है, यह परमार्थ तत्व व्याकुलता रहित, स्थिर है, में ज्ञानामृत, समरस और गगनोपम हूँ",100.00000000000004,100.0
41,मे मे मृतं न च मातापितादि च कदाचि न तनयादि न ज्जातं कदाचित् मनो ॥,"मेरे माता, पिता वा पुत्रादि कभी नहीं हुए, न मैंने कभी जन्म लिया न में मरा, मेरे कभी मन स्थिर है, यह परमार्थ तत्व व्याकुलता रहित, स्थिर है, में ज्ञानामृत, समरस और गगनोपम हूँ","मेरे माता, पिता वा पुत्रादि कभी नहीं हुए, न मैंने कभी जन्म लिया न में मरा, मेरे कभी मन स्थिर है, यह परमार्थ तत्व व्याकुलता रहित, स्थिर है, में ज्ञानामृत, समरस और गगनोपम हूँ",100.00000000000004,100.0
42,तदवस्थां तु तां दृा सर्वमन्तःपुरं तदा हाहाभूतमतीवासीद् भृशं च प्ररुरोद ह,तब महारानी की यह दयनीय अवस्था देख उस समय सारे अन्तःपुरमें हाहाकार मच गया सबकेसब फूटफूटकर रोने लगे,तब महारानी की यह दयनीय अवस्था देख उस समय सारे अन्तःपुरमें हाहाकार मच गया सबकेसब फूटफूटकर रोने लगे,100.00000000000004,100.0
43,न हि पंचात्मको देहो विदेहो वर्तते न हि आत्मैव केवलं सर्वं तुरीयं च त्रयं कथम्,पांच तत्वों से बना हुआ देह नहीं है विदेह भी नहीं है सब केवल आत्मा ही है फिर सुषुप्ति और समाधि आदि अवस्था किस तरह हैं,पांच तत्वों से बना हुआ देह नहीं है विदेह भी नहीं है सब केवल आत्मा ही है फिर सुषुप्ति और समाधि आदि अवस्था किस तरह हैं,100.00000000000004,100.0
44,केवलं आत्मैव पंचात्मको सर्वं त्रयं हि हि विदेहो देहो कथम् तुरीयं न वर्तते च न,पांच तत्वों से बना हुआ देह नहीं है विदेह भी नहीं है सब केवल आत्मा ही है फिर सुषुप्ति और समाधि आदि अवस्था किस तरह हैं,पांच तत्वों से बना हुआ देह नहीं है विदेह भी नहीं है सब केवल आत्मा ही है फिर सुषुप्ति और समाधि आदि अवस्था किस तरह हैं,100.00000000000004,100.0
45,विदेहो केवलं न सर्वं आत्मैव पंचात्मको देहो न हि वर्तते कथम् त्रयं च हि तुरीयं,पांच तत्वों से बना हुआ देह नहीं है विदेह भी नहीं है सब केवल आत्मा ही है फिर सुषुप्ति और समाधि आदि अवस्था किस तरह हैं,पांच तत्वों से बना हुआ देह नहीं है विदेह भी नहीं है सब केवल आत्मा ही है फिर सुषुप्ति और समाधि आदि अवस्था किस तरह हैं,100.00000000000004,100.0
46,निर्विकारतया वृत्त्या ब्रह्माकारतया पुनः वृत्तिविस्मरणं सम्यक् समाधिर्ज्ञानसंज्ञकः,निर्विकार तथा ब्रह्माकारवृत्ति से जो पूर्णतया वृत्तिहीनता हो जाती है वही ज्ञानसमाधि है,निर्विकार तथा ब्रह्माकारवृत्ति से जो पूर्णतया वृत्तिहीनता हो जाती है वही ज्ञानसमाधि है,100.00000000000004,100.0
47,यत्सारभूतमखिलं कथितं मया ते न त्वं न मे न महतो न गुरुर्नशिष्यः ॥,मैंने जो सम्पूर्ण सारांश तुझसे कहा है वह न तो तू है न में हूँ न बडा है न गुरु है न शिष्य है वह परमार्थ तत्व अपनी इच्छानुकूल है और स्वाभाविक है में ज्ञान और अमृत रूप हूँ,मैंने जो सम्पूर्ण सारांश तुझसे कहा है वह न तो तू है न में हूँ न बडा है न गुरु है न शिष्य है वह परमार्थ तत्व अपनी इच्छानुकूल है और स्वाभाविक है में ज्ञान और अमृत रूप हूँ,100.00000000000004,100.0
48,मया न न ते गुरुर्नशिष्यः महतो न मे कथितं त्वं यत्सारभूतमखिलं न ॥,मैंने जो सम्पूर्ण सारांश तुझसे कहा है वह न तो तू है न में हूँ न बडा है न गुरु है न शिष्य है वह परमार्थ तत्व अपनी इच्छानुकूल है और स्वाभाविक है में ज्ञान और अमृत रूप हूँ,मैंने जो सम्पूर्ण सारांश तुझसे कहा है वह न तो तू है न में हूँ न बडा है न गुरु है न शिष्य है वह परमार्थ तत्व अपनी इच्छानुकूल है और स्वाभाविक है में ज्ञान और अमृत रूप हूँ,100.00000000000004,100.0
49,यत्सारभूतमखिलं न गुरुर्नशिष्यः न मया ते मे महतो त्वं न न कथितं ॥,मैंने जो सम्पूर्ण सारांश तुझसे कहा है वह न तो तू है न में हूँ न बडा है न गुरु है न शिष्य है वह परमार्थ तत्व अपनी इच्छानुकूल है और स्वाभाविक है में ज्ञान और अमृत रूप हूँ,मैंने जो सम्पूर्ण सारांश तुझसे कहा है वह न तो तू है न में हूँ न बडा है न गुरु है न शिष्य है वह परमार्थ तत्व अपनी इच्छानुकूल है और स्वाभाविक है में ज्ञान और अमृत रूप हूँ,100.00000000000004,100.0
50,न धर्म युक्तो न च पापयुक्तो न बन्धयुक्तो न च मोक्षयुक्तः ॥,न तो मेरे धर्म है न अधर्म है न बंधन है न मोक्ष है न योग्य और अयोग्य मेरे बीचमें प्रकाश नहीं करते हैं में मोक्ष स्वरूप हूँ और निरोग हूँ,न तो मेरे धर्म है न अधर्म है न बंधन है न मोक्ष है न योग्य और अयोग्य मेरे बीचमें प्रकाश नहीं करते हैं में मोक्ष स्वरूप हूँ और निरोग हूँ,100.00000000000004,100.0
51,न न धर्म बन्धयुक्तो मोक्षयुक्तः च न न च युक्तो पापयुक्तो ॥,न तो मेरे धर्म है न अधर्म है न बंधन है न मोक्ष है न योग्य और अयोग्य मेरे बीचमें प्रकाश नहीं करते हैं में मोक्ष स्वरूप हूँ और निरोग हूँ,न तो मेरे धर्म है न अधर्म है न बंधन है न मोक्ष है न योग्य और अयोग्य मेरे बीचमें प्रकाश नहीं करते हैं में मोक्ष स्वरूप हूँ और निरोग हूँ,100.00000000000004,100.0
52,पापयुक्तो धर्म बन्धयुक्तो न च युक्तो न मोक्षयुक्तः च न न ॥,न तो मेरे धर्म है न अधर्म है न बंधन है न मोक्ष है न योग्य और अयोग्य मेरे बीचमें प्रकाश नहीं करते हैं में मोक्ष स्वरूप हूँ और निरोग हूँ,न तो मेरे धर्म है न अधर्म है न बंधन है न मोक्ष है न योग्य और अयोग्य मेरे बीचमें प्रकाश नहीं करते हैं में मोक्ष स्वरूप हूँ और निरोग हूँ,100.00000000000004,100.0
53,यदि कल्पित लोकनिराकरणं यदि कल्पितदेवनिराकरणं ॥,यदि कल्पना किये हुए लोक को दूर करनेवाला है यदि कल्पना किये हुए देवताओं से अलग है यदि एक हैं और भेद रहित सबमें शिवरूप है तो गुण दोष की बुद्धि कैसे है,यदि कल्पना किये हुए लोक को दूर करनेवाला है यदि कल्पना किये हुए देवताओं से अलग है यदि एक हैं और भेद रहित सबमें शिवरूप है तो गुण दोष की बुद्धि कैसे है,100.00000000000004,100.0
54,कल्पित कल्पितदेवनिराकरणं लोकनिराकरणं यदि यदि ॥,यदि कल्पना किये हुए लोक को दूर करनेवाला है यदि कल्पना किये हुए देवताओं से अलग है यदि एक हैं और भेद रहित सबमें शिवरूप है तो गुण दोष की बुद्धि कैसे है,यदि कल्पना किये हुए लोक को दूर करनेवाला है यदि कल्पना किये हुए देवताओं से अलग है यदि एक हैं और भेद रहित सबमें शिवरूप है तो गुण दोष की बुद्धि कैसे है,100.00000000000004,100.0
55,यदि यदि कल्पितदेवनिराकरणं लोकनिराकरणं कल्पित ॥,यदि कल्पना किये हुए लोक को दूर करनेवाला है यदि कल्पना किये हुए देवताओं से अलग है यदि एक हैं और भेद रहित सबमें शिवरूप है तो गुण दोष की बुद्धि कैसे है,यदि कल्पना किये हुए लोक को दूर करनेवाला है यदि कल्पना किये हुए देवताओं से अलग है यदि एक हैं और भेद रहित सबमें शिवरूप है तो गुण दोष की बुद्धि कैसे है,100.00000000000004,100.0
56,कटुत्वं चैव लोलत्वं मृदुत्वं च यथा जले प्रकृतिः पुरुषस्तद्वदभिन्नंप्रतिभाति मे,"कोमल पदार्थ तीखे पदार्थ गुड़ और कडवी वस्तु इनमें कडुआपन, चञ्चलता और कोमलता जल में पतलापन जैसे वर्त्तमान है उससे अलग नहीं है इसी तरह प्रकृति और पुरुष अलग नहीं है, यह मुझको मालूम होता है","कोमल पदार्थ तीखे पदार्थ गुड़ और कडवी वस्तु इनमें कडुआपन, चञ्चलता और कोमलता जल में पतलापन जैसे वर्त्तमान है उससे अलग नहीं है इसी तरह प्रकृति और पुरुष अलग नहीं है, यह मुझको मालूम होता है",100.00000000000004,100.0
57,प्रकृतिः कटुत्वं च पुरुषस्तद्वदभिन्नंप्रतिभाति लोलत्वं चैव यथा मे मृदुत्वं जले,"कोमल पदार्थ तीखे पदार्थ गुड़ और कडवी वस्तु इनमें कडुआपन, चञ्चलता और कोमलता जल में पतलापन जैसे वर्त्तमान है उससे अलग नहीं है इसी तरह प्रकृति और पुरुष अलग नहीं है, यह मुझको मालूम होता है","कोमल पदार्थ तीखे पदार्थ गुड़ और कडवी वस्तु इनमें कडुआपन, चञ्चलता और कोमलता जल में पतलापन जैसे वर्त्तमान है उससे अलग नहीं है इसी तरह प्रकृति और पुरुष अलग नहीं है, यह मुझको मालूम होता है",100.00000000000004,100.0
58,जले प्रकृतिः चैव यथा मृदुत्वं लोलत्वं च पुरुषस्तद्वदभिन्नंप्रतिभाति मे कटुत्वं,"कोमल पदार्थ तीखे पदार्थ गुड़ और कडवी वस्तु इनमें कडुआपन, चञ्चलता और कोमलता जल में पतलापन जैसे वर्त्तमान है उससे अलग नहीं है इसी तरह प्रकृति और पुरुष अलग नहीं है, यह मुझको मालूम होता है","कोमल पदार्थ तीखे पदार्थ गुड़ और कडवी वस्तु इनमें कडुआपन, चञ्चलता और कोमलता जल में पतलापन जैसे वर्त्तमान है उससे अलग नहीं है इसी तरह प्रकृति और पुरुष अलग नहीं है, यह मुझको मालूम होता है",100.00000000000004,100.0
59,असंशयं विद्धि निराकुलंमा मसंशयं विद्धि निरन्तरं माम् ॥,निश्चय मुझको व्याकुलता से रहित जान निश्चय मुझको व्यापक जान निश्चय मुझको मायारहित जान में मोक्ष स्वरूप हूँ और निरोग हूँ,निश्चय मुझको व्याकुलता से रहित जान निश्चय मुझको व्यापक जान निश्चय मुझको मायारहित जान में मोक्ष स्वरूप हूँ और निरोग हूँ,100.00000000000004,100.0
60,असंशयं विद्धि निरन्तरं मसंशयं माम् निराकुलंमा विद्धि ॥,निश्चय मुझको व्याकुलता से रहित जान निश्चय मुझको व्यापक जान निश्चय मुझको मायारहित जान में मोक्ष स्वरूप हूँ और निरोग हूँ,निश्चय मुझको व्याकुलता से रहित जान निश्चय मुझको व्यापक जान निश्चय मुझको मायारहित जान में मोक्ष स्वरूप हूँ और निरोग हूँ,100.00000000000004,100.0
61,असंशयं माम् विद्धि मसंशयं निरन्तरं निराकुलंमा विद्धि ॥,निश्चय मुझको व्याकुलता से रहित जान निश्चय मुझको व्यापक जान निश्चय मुझको मायारहित जान में मोक्ष स्वरूप हूँ और निरोग हूँ,निश्चय मुझको व्याकुलता से रहित जान निश्चय मुझको व्यापक जान निश्चय मुझको मायारहित जान में मोक्ष स्वरूप हूँ और निरोग हूँ,100.00000000000004,100.0
62,स्वप्नः प्रबोधो न च योगमुद्रा नक्तं दिवा वापि न मे कदाचित् ॥,सोना और जागना ये मेरे नहीं है न योगमुद्रा है रात और दिन मेरे कभी नहीं है सुषुप्ति और समाधि का वर्णन कैसे कहूँ में मोक्षरूप हूँ और निरोग हूँ,सोना और जागना ये मेरे नहीं है न योगमुद्रा है रात और दिन मेरे कभी नहीं है सुषुप्ति और समाधि का वर्णन कैसे कहूँ में मोक्षरूप हूँ और निरोग हूँ,100.00000000000004,100.0
63,प्रबोधो नक्तं मे दिवा च कदाचित् वापि योगमुद्रा स्वप्नः न न ॥,सोना और जागना ये मेरे नहीं है न योगमुद्रा है रात और दिन मेरे कभी नहीं है सुषुप्ति और समाधि का वर्णन कैसे कहूँ में मोक्षरूप हूँ और निरोग हूँ,सोना और जागना ये मेरे नहीं है न योगमुद्रा है रात और दिन मेरे कभी नहीं है सुषुप्ति और समाधि का वर्णन कैसे कहूँ में मोक्षरूप हूँ और निरोग हूँ,100.00000000000004,100.0
64,न च दिवा वापि नक्तं योगमुद्रा मे प्रबोधो स्वप्नः कदाचित् न ॥,सोना और जागना ये मेरे नहीं है न योगमुद्रा है रात और दिन मेरे कभी नहीं है सुषुप्ति और समाधि का वर्णन कैसे कहूँ में मोक्षरूप हूँ और निरोग हूँ,सोना और जागना ये मेरे नहीं है न योगमुद्रा है रात और दिन मेरे कभी नहीं है सुषुप्ति और समाधि का वर्णन कैसे कहूँ में मोक्षरूप हूँ और निरोग हूँ,100.00000000000004,100.0
65,मृतामृतं वापि विषाविषं च संजायते तात न मे कदाचित् ॥,हे तात ! मरना और न मरना विष और अविष ये मेरे कभी पैदा नहीं होते हैं अशुद्ध और शुद्ध नहीं है इसका वर्णन कैसे करूँ में मोक्ष स्वरूप हूँ और निरोग हूँ,हे तात! मरना और न मरना विष और अविष ये मेरे कभी पैदा नहीं होते हैं अशुद्ध और शुद्ध नहीं है इसका वर्णन कैसे करूँ में मोक्ष स्वरूप हूँ और निरोग हूँ,100.00000000000004,100.0
66,च मृतामृतं विषाविषं मे कदाचित् संजायते न वापि तात ॥,हे तात ! मरना और न मरना विष और अविष ये मेरे कभी पैदा नहीं होते हैं अशुद्ध और शुद्ध नहीं है इसका वर्णन कैसे करूँ में मोक्ष स्वरूप हूँ और निरोग हूँ,हे तात! मरना और न मरना विष और अविष ये मेरे कभी पैदा नहीं होते हैं अशुद्ध और शुद्ध नहीं है इसका वर्णन कैसे करूँ में मोक्ष स्वरूप हूँ और निरोग हूँ,100.00000000000004,100.0
67,च संजायते मृतामृतं विषाविषं न वापि मे तात कदाचित् ॥,हे तात ! मरना और न मरना विष और अविष ये मेरे कभी पैदा नहीं होते हैं अशुद्ध और शुद्ध नहीं है इसका वर्णन कैसे करूँ में मोक्ष स्वरूप हूँ और निरोग हूँ,हे तात! मरना और न मरना विष और अविष ये मेरे कभी पैदा नहीं होते हैं अशुद्ध और शुद्ध नहीं है इसका वर्णन कैसे करूँ में मोक्ष स्वरूप हूँ और निरोग हूँ,100.00000000000004,100.0
68,भीमसेनोऽपि मांसानि भक्ष्याणि विविधानि च अतिसृष्टानि मत्स्येन विक्रीणीते युधिष्ठिरे,"भीमसेन भी नाना प्रकारके भक्ष्यभोग्य पदार्थ, जो मत्स्यनरेशद्वारा उन्हें पुरस्काररूपमें प्राप्त होते बेच देते और उससे मिला हुआ धन युधिष्ठिरकी सेवामें अर्पित करते थे","भीमसेन भी नाना प्रकारके भक्ष्यभोग्य पदार्थ, जो मत्स्यनरेशद्वारा उन्हें पुरस्काररूपमें प्राप्त होते बेच देते और उससे मिला हुआ धन युधिष्ठिरकी सेवामें अर्पित करते थे",100.00000000000004,100.0
69,विक्रीणीते विविधानि मांसानि च मत्स्येन अतिसृष्टानि भक्ष्याणि भीमसेनोऽपि युधिष्ठिरे,"भीमसेन भी नाना प्रकारके भक्ष्यभोग्य पदार्थ, जो मत्स्यनरेशद्वारा उन्हें पुरस्काररूपमें प्राप्त होते बेच देते और उससे मिला हुआ धन युधिष्ठिरकी सेवामें अर्पित करते थे","भीमसेन भी नाना प्रकारके भक्ष्यभोग्य पदार्थ, जो मत्स्यनरेशद्वारा उन्हें पुरस्काररूपमें प्राप्त होते बेच देते और उससे मिला हुआ धन युधिष्ठिरकी सेवामें अर्पित करते थे",100.00000000000004,100.0
70,भक्ष्याणि अतिसृष्टानि मत्स्येन विविधानि च विक्रीणीते मांसानि भीमसेनोऽपि युधिष्ठिरे,"भीमसेन भी नाना प्रकारके भक्ष्यभोग्य पदार्थ, जो मत्स्यनरेशद्वारा उन्हें पुरस्काररूपमें प्राप्त होते बेच देते और उससे मिला हुआ धन युधिष्ठिरकी सेवामें अर्पित करते थे","भीमसेन भी नाना प्रकारके भक्ष्यभोग्य पदार्थ, जो मत्स्यनरेशद्वारा उन्हें पुरस्काररूपमें प्राप्त होते बेच देते और उससे मिला हुआ धन युधिष्ठिरकी सेवामें अर्पित करते थे",100.00000000000004,100.0
71,मनो वै गगनाकारं मनो वै सर्वतोमुखम् मनोऽतीतं मनः सर्वे न मनः परमार्थतः,मन आकाश के समान है मन चारों तरफ से मुखवाला है मन परैं है मन ही सब है वास्तव में आत्मासे अतिरिक्त कुछ नहीं है,मन आकाश के समान है मन चारों तरफ से मुखवाला है मन परैं है मन ही सब है वास्तव में आत्मासे अतिरिक्त कुछ नहीं है,100.00000000000004,100.0
72,वै परमार्थतः गगनाकारं मनो सर्वे मनः मनः मनोऽतीतं मनो सर्वतोमुखम् वै न,मन आकाश के समान है मन चारों तरफ से मुखवाला है मन परैं है मन ही सब है वास्तव में आत्मासे अतिरिक्त कुछ नहीं है,मन आकाश के समान है मन चारों तरफ से मुखवाला है मन परैं है मन ही सब है वास्तव में आत्मासे अतिरिक्त कुछ नहीं है,100.00000000000004,100.0
73,यो वै सर्वात्मकोदेवो निष्कलो गगनोपमः स्वभावनिर्मलःशुद्धः स एवाहं न संशयः,जो देव सबकी आत्मा है कलारहित है आकाश के समान है स्वभाव से निर्मल और शुद्ध है वही में हूं इसमें संदेह नहीं है,जो देव सबकी आत्मा है कलारहित है आकाश के समान है स्वभाव से निर्मल और शुद्ध है वही में हूं इसमें संदेह नहीं है,100.00000000000004,100.0
74,गगनोपमः निष्कलो वै स्वभावनिर्मलःशुद्धः एवाहं स यो न सर्वात्मकोदेवो संशयः,जो देव सबकी आत्मा है कलारहित है आकाश के समान है स्वभाव से निर्मल और शुद्ध है वही में हूं इसमें संदेह नहीं है,जो देव सबकी आत्मा है कलारहित है आकाश के समान है स्वभाव से निर्मल और शुद्ध है वही में हूं इसमें संदेह नहीं है,100.00000000000004,100.0
75,सर्वात्मकोदेवो स गगनोपमः निष्कलो एवाहं स्वभावनिर्मलःशुद्धः वै संशयः न यो,जो देव सबकी आत्मा है कलारहित है आकाश के समान है स्वभाव से निर्मल और शुद्ध है वही में हूं इसमें संदेह नहीं है,जो देव सबकी आत्मा है कलारहित है आकाश के समान है स्वभाव से निर्मल और शुद्ध है वही में हूं इसमें संदेह नहीं है,100.00000000000004,100.0
76,यदा पञ्चावतिष्ठन्ते ज्ञानानि मनसा सह बुद्धिश्च न विचेष्टति तामाहुः परमां गतिम्,जिस समय पाँचों ज्ञानेन्द्रियाँ मनके सहित [आत्मामें] स्थित हो जाती हैं और बुद्धि भी चेष्टा नहीं करती उस अवस्थाको परम गति कहते हैं,जिस समय पाँचों ज्ञानेन्द्रियाँ मनके सहित [आत्मामें ] स्थित हो जाती हैं और बुद्धि भी चेष्टा नहीं करती उस अवस्थाको परम गति कहते हैं,100.00000000000004,100.0
77,न मनसा तामाहुः गतिम् परमां विचेष्टति ज्ञानानि यदा बुद्धिश्च पञ्चावतिष्ठन्ते सह,जिस समय पाँचों ज्ञानेन्द्रियाँ मनके सहित [आत्मामें] स्थित हो जाती हैं और बुद्धि भी चेष्टा नहीं करती उस अवस्थाको परम गति कहते हैं,जिस समय पाँचों ज्ञानेन्द्रियाँ मनके सहित [आत्मामें ] स्थित हो जाती हैं और बुद्धि भी चेष्टा नहीं करती उस अवस्थाको परम गति कहते हैं,100.00000000000004,100.0
78,ज्ञानानि सह पञ्चावतिष्ठन्ते विचेष्टति परमां न बुद्धिश्च गतिम् मनसा तामाहुः यदा,जिस समय पाँचों ज्ञानेन्द्रियाँ मनके सहित [आत्मामें] स्थित हो जाती हैं और बुद्धि भी चेष्टा नहीं करती उस अवस्थाको परम गति कहते हैं,जिस समय पाँचों ज्ञानेन्द्रियाँ मनके सहित [आत्मामें ] स्थित हो जाती हैं और बुद्धि भी चेष्टा नहीं करती उस अवस्थाको परम गति कहते हैं,100.00000000000004,100.0
79,नहि मोक्षपदं नहि बन्धपदं नहि पुण्यपदं नहि पापपदमं ॥,"न तो मोक्ष का पद है, न बंधन का पद है, न पुण्य का पद है, न पाप का पद है, न पूरा पद है, न रीखा पद है, फिर हे मन ! सब की तरह क्यों विलाप करता है","न तो मोक्ष का पद है, न बंधन का पद है, न पुण्य का पद है, न पाप का पद है, न पूरा पद है, न रीखा पद है, फिर हे मन! सब की तरह क्यों विलाप करता है",100.00000000000004,100.0
80,बन्धपदं पुण्यपदं नहि नहि नहि नहि मोक्षपदं पापपदमं ॥,"न तो मोक्ष का पद है, न बंधन का पद है, न पुण्य का पद है, न पाप का पद है, न पूरा पद है, न रीखा पद है, फिर हे मन ! सब की तरह क्यों विलाप करता है","न तो मोक्ष का पद है, न बंधन का पद है, न पुण्य का पद है, न पाप का पद है, न पूरा पद है, न रीखा पद है, फिर हे मन! सब की तरह क्यों विलाप करता है",100.00000000000004,100.0
81,पापपदमं नहि बन्धपदं मोक्षपदं नहि नहि पुण्यपदं नहि ॥,"न तो मोक्ष का पद है, न बंधन का पद है, न पुण्य का पद है, न पाप का पद है, न पूरा पद है, न रीखा पद है, फिर हे मन ! सब की तरह क्यों विलाप करता है","न तो मोक्ष का पद है, न बंधन का पद है, न पुण्य का पद है, न पाप का पद है, न पूरा पद है, न रीखा पद है, फिर हे मन! सब की तरह क्यों विलाप करता है",100.00000000000004,100.0
82,न शांभवं शाक्तिकमानवं न वा पिण्डं च रूपं च पदादिकं न वा ॥,न तो वह शिव का स्वरूप है न वह शाक्त है न मनुष्य है न पिंड है न रूप है न चरण से आदि लेकर उसके शरीर है न तो उसका आदि है न अंत है न घडे से आदि लेकर कोई वस्तु है ऐसे निरंतर ईश्वर आत्मा को योगी प्राप्त होता है,न तो वह शिव का स्वरूप है न वह शाक्त है न मनुष्य है न पिंड है न रूप है न चरण से आदि लेकर उसके शरीर है न तो उसका आदि है न अंत है न घडे से आदि लेकर कोई वस्तु है ऐसे निरंतर ईश्वर आत्मा को योगी प्राप्त होता है,100.00000000000004,100.0
83,शाक्तिकमानवं न वा न रूपं पदादिकं च शांभवं वा च न पिण्डं ॥,न तो वह शिव का स्वरूप है न वह शाक्त है न मनुष्य है न पिंड है न रूप है न चरण से आदि लेकर उसके शरीर है न तो उसका आदि है न अंत है न घडे से आदि लेकर कोई वस्तु है ऐसे निरंतर ईश्वर आत्मा को योगी प्राप्त होता है,न तो वह शिव का स्वरूप है न वह शाक्त है न मनुष्य है न पिंड है न रूप है न चरण से आदि लेकर उसके शरीर है न तो उसका आदि है न अंत है न घडे से आदि लेकर कोई वस्तु है ऐसे निरंतर ईश्वर आत्मा को योगी प्राप्त होता है,100.00000000000004,100.0
84,वर्तते शिवः यथा मेरुमरीचिका केवलः सर्वं अखण्डितमनाकारो इन्द्रजालमिदं,यह सब संसार इन्द्रजाल है जैसे कि मृग तृष्णा का जल झुंठा है जिसके कि टुकडे नहीं होते जिसकी कि कोई शकल नहीं है ऐसा एक शिव है,यह सब संसार इन्द्रजाल है जैसे कि मृग तृष्णा का जल झुंठा है जिसके कि टुकडे नहीं होते जिसकी कि कोई शकल नहीं है ऐसा एक शिव है,100.00000000000004,100.0
85,कृष्णा तु सर्वान् भर्ती स्तान् निरीक्षन्ती तपखिनी यथा पुनरविशता तथा चरति भामिनी,"तपस्विनी एवं सुन्दरी द्रौपदी भी उन सब पतियोंकी देखभाल करती हुई ऐसा बर्ताव करती, जिससे फिर कोई उसे पहचान न सके","तपस्विनी एवं सुन्दरी द्रौपदी भी उन सब पतियोंकी देखभाल करती हुई ऐसा बर्ताव करती, जिससे फिर कोई उसे पहचान न सके",100.00000000000004,100.0
86,पुनरविशता तपखिनी भर्ती तु स्तान् भामिनी तथा कृष्णा निरीक्षन्ती चरति सर्वान् यथा,"तपस्विनी एवं सुन्दरी द्रौपदी भी उन सब पतियोंकी देखभाल करती हुई ऐसा बर्ताव करती, जिससे फिर कोई उसे पहचान न सके","तपस्विनी एवं सुन्दरी द्रौपदी भी उन सब पतियोंकी देखभाल करती हुई ऐसा बर्ताव करती, जिससे फिर कोई उसे पहचान न सके",100.00000000000004,100.0
87,निरीक्षन्ती भामिनी तथा कृष्णा भर्ती चरति यथा सर्वान् पुनरविशता तपखिनी स्तान् तु,"तपस्विनी एवं सुन्दरी द्रौपदी भी उन सब पतियोंकी देखभाल करती हुई ऐसा बर्ताव करती, जिससे फिर कोई उसे पहचान न सके","तपस्विनी एवं सुन्दरी द्रौपदी भी उन सब पतियोंकी देखभाल करती हुई ऐसा बर्ताव करती, जिससे फिर कोई उसे पहचान न सके",100.00000000000004,100.0
88,अपकृष्य च लज्जां सा स्वयमुक्तवती नृप प्रयतन्तां तव प्रेष्याः पुण्यश्लोकस्य मार्गणे,नरेश्वर ! उसने लाज छोड़कर स्वयं अपने मुँह से कहा है अतः आपके सेवक पुण्यश्लोक महाराज नलका पता लगाने का प्रयत्न करें',नरेश्वर! उसने लाज छोड़कर स्वयं अपने मुँह से कहा है अतः आपके सेवक पुण्यश्लोक महाराज नलका पता लगाने का प्रयत्न करें',100.00000000000004,100.0
89,नृप अपकृष्य मार्गणे च प्रेष्याः प्रयतन्तां तव पुण्यश्लोकस्य लज्जां स्वयमुक्तवती सा,नरेश्वर ! उसने लाज छोड़कर स्वयं अपने मुँह से कहा है अतः आपके सेवक पुण्यश्लोक महाराज नलका पता लगाने का प्रयत्न करें',नरेश्वर! उसने लाज छोड़कर स्वयं अपने मुँह से कहा है अतः आपके सेवक पुण्यश्लोक महाराज नलका पता लगाने का प्रयत्न करें',100.00000000000004,100.0
90,कृपालुरकृतद्रोहस्तितिक्षुः सर्वदेहिनाम् सत्यसारोऽनवद्यात्मा समः सर्वोपकारकः,"कृपालु हो, किसी से बैर न करे, सव प्राणीयों को सहने वाला हो, सत्य सारवाला हो, शुद्ध चित्तवाला हो समान हो सब का उपकार करने वाला हो","कृपालु हो, किसी से बैर न करे, सव प्राणीयों को सहने वाला हो, सत्य सारवाला हो, शुद्ध चित्तवाला हो समान हो सब का उपकार करने वाला हो",100.00000000000004,100.0
91,न ते च माता च पिता च बंधु र्न ते च पत्नी न सुतश्च मित्रम् ॥,"न तेरे माता है, न पिता है, न बंधु है, न स्त्री है, न तेरे पुत्र है, न मित्र है, न तेरा किसी के साथ पक्षपात है न विप क्षपात है फिर चित्त में ऐसा संताप क्यों है","न तेरे माता है, न पिता है, न बंधु है, न स्त्री है, न तेरे पुत्र है, न मित्र है, न तेरा किसी के साथ पक्षपात है न विप क्षपात है फिर चित्त में ऐसा संताप क्यों है",100.00000000000004,100.0
92,पत्नी ते मित्रम् ते च न सुतश्च च बंधु न पिता च र्न च माता ॥,"न तेरे माता है, न पिता है, न बंधु है, न स्त्री है, न तेरे पुत्र है, न मित्र है, न तेरा किसी के साथ पक्षपात है न विप क्षपात है फिर चित्त में ऐसा संताप क्यों है","न तेरे माता है, न पिता है, न बंधु है, न स्त्री है, न तेरे पुत्र है, न मित्र है, न तेरा किसी के साथ पक्षपात है न विप क्षपात है फिर चित्त में ऐसा संताप क्यों है",100.00000000000004,100.0
93,च पिता र्न ते ते मित्रम् च सुतश्च न बंधु पत्नी च माता न च ॥,"न तेरे माता है, न पिता है, न बंधु है, न स्त्री है, न तेरे पुत्र है, न मित्र है, न तेरा किसी के साथ पक्षपात है न विप क्षपात है फिर चित्त में ऐसा संताप क्यों है","न तेरे माता है, न पिता है, न बंधु है, न स्त्री है, न तेरे पुत्र है, न मित्र है, न तेरा किसी के साथ पक्षपात है न विप क्षपात है फिर चित्त में ऐसा संताप क्यों है",100.00000000000004,100.0
94, स एवमुक्तोऽथाश्वास्य आशीर्वादैः सुमङ्गलैः गृहानुपययौ चापि कृतार्थः सुमहामनाः,दमयन्तीके ऐसा कहनेपर अत्यन्त उदार हृदयवाले पर्णाद अपने परम मङ्गलमय आशीर्वादोद्वारा उसे आश्वासन दे कृतार्थ हो अपने घर चले गये,दमयन्तीके ऐसा कहनेपर अत्यन्त उदार हृदयवाले पर्णाद अपने परम मङ्गलमय आशीर्वादोद्वारा उसे आश्वासन दे कृतार्थ हो अपने घर चले गये,100.00000000000004,100.0
95,सुमङ्गलैः चापि  सुमहामनाः गृहानुपययौ कृतार्थः एवमुक्तोऽथाश्वास्य स आशीर्वादैः,दमयन्तीके ऐसा कहनेपर अत्यन्त उदार हृदयवाले पर्णाद अपने परम मङ्गलमय आशीर्वादोद्वारा उसे आश्वासन दे कृतार्थ हो अपने घर चले गये,दमयन्तीके ऐसा कहनेपर अत्यन्त उदार हृदयवाले पर्णाद अपने परम मङ्गलमय आशीर्वादोद्वारा उसे आश्वासन दे कृतार्थ हो अपने घर चले गये,100.00000000000004,100.0
96,चापि एवमुक्तोऽथाश्वास्य आशीर्वादैः स  सुमहामनाः सुमङ्गलैः कृतार्थः गृहानुपययौ,दमयन्तीके ऐसा कहनेपर अत्यन्त उदार हृदयवाले पर्णाद अपने परम मङ्गलमय आशीर्वादोद्वारा उसे आश्वासन दे कृतार्थ हो अपने घर चले गये,दमयन्तीके ऐसा कहनेपर अत्यन्त उदार हृदयवाले पर्णाद अपने परम मङ्गलमय आशीर्वादोद्वारा उसे आश्वासन दे कृतार्थ हो अपने घर चले गये,100.00000000000004,100.0
97,यथैव दिग्विपर्य्यासो मोहाद्भवति कस्यचित् तद्वदात्मनि देहत्वं पश्यत्यज्ञानयोगतः,"जैसे किसी को मोहवश दिग्भ्रम हो जाता है, वैसे ही अज्ञान के कारण मनुष्य आत्मा में देहभाव देखता है","जैसे किसी को मोहवश दिग्भ्रम हो जाता है, वैसे ही अज्ञान के कारण मनुष्य आत्मा में देहभाव देखता है",100.00000000000004,100.0
98,पश्यत्यज्ञानयोगतः तद्वदात्मनि मोहाद्भवति देहत्वं यथैव दिग्विपर्य्यासो कस्यचित्,"जैसे किसी को मोहवश दिग्भ्रम हो जाता है, वैसे ही अज्ञान के कारण मनुष्य आत्मा में देहभाव देखता है","जैसे किसी को मोहवश दिग्भ्रम हो जाता है, वैसे ही अज्ञान के कारण मनुष्य आत्मा में देहभाव देखता है",100.00000000000004,100.0
99,मोहाद्भवति देहत्वं यथैव कस्यचित् दिग्विपर्य्यासो पश्यत्यज्ञानयोगतः तद्वदात्मनि,"जैसे किसी को मोहवश दिग्भ्रम हो जाता है, वैसे ही अज्ञान के कारण मनुष्य आत्मा में देहभाव देखता है","जैसे किसी को मोहवश दिग्भ्रम हो जाता है, वैसे ही अज्ञान के कारण मनुष्य आत्मा में देहभाव देखता है",100.00000000000004,100.0
100,सुसंयमी वा यदि वा न संयमी सुसंग्रही वा यदि वा नसंग्रही ॥,अच्छी तरह जितेन्द्री हो अथवा न हो अच्छी तरह संग्रह करने वाला हो अथवा न हो कर्म करता हो अथवा न करता हो सर्वव्यापी जो ईश्वर आत्मा है उसको प्राप्त होता है,अच्छी तरह जितेन्द्री हो अथवा न हो अच्छी तरह संग्रह करने वाला हो अथवा न हो कर्म करता हो अथवा न करता हो सर्वव्यापी जो ईश्वर आत्मा है उसको प्राप्त होता है,100.00000000000004,100.0
101,यदि नसंग्रही सुसंग्रही वा यदि न वा वा वा संयमी सुसंयमी ॥,अच्छी तरह जितेन्द्री हो अथवा न हो अच्छी तरह संग्रह करने वाला हो अथवा न हो कर्म करता हो अथवा न करता हो सर्वव्यापी जो ईश्वर आत्मा है उसको प्राप्त होता है,अच्छी तरह जितेन्द्री हो अथवा न हो अच्छी तरह संग्रह करने वाला हो अथवा न हो कर्म करता हो अथवा न करता हो सर्वव्यापी जो ईश्वर आत्मा है उसको प्राप्त होता है,100.00000000000004,100.0
102,यदि वा वा संयमी नसंग्रही यदि वा सुसंयमी सुसंग्रही न वा ॥,अच्छी तरह जितेन्द्री हो अथवा न हो अच्छी तरह संग्रह करने वाला हो अथवा न हो कर्म करता हो अथवा न करता हो सर्वव्यापी जो ईश्वर आत्मा है उसको प्राप्त होता है,अच्छी तरह जितेन्द्री हो अथवा न हो अच्छी तरह संग्रह करने वाला हो अथवा न हो कर्म करता हो अथवा न करता हो सर्वव्यापी जो ईश्वर आत्मा है उसको प्राप्त होता है,100.00000000000004,100.0
103,नाहं कर्ता न भोक्ता च न मे कर्म पुराऽधुना न मे देहो विदेहो वा निर्ममेति ममेति किम्,"न में कर्ता हूं न भोक्ता हूं न मेरे पहिले कर्म थे न अब हैं, न मेरे देह है, न विदेह है, फिर निर्ममता और ममता कैसे हो सकते हैं","न में कर्ता हूं न भोक्ता हूं न मेरे पहिले कर्म थे न अब हैं, न मेरे देह है, न विदेह है, फिर निर्ममता और ममता कैसे हो सकते हैं",100.00000000000004,100.0
104,मे न न कर्ता मे न विदेहो देहो च किम् निर्ममेति पुराऽधुना ममेति भोक्ता नाहं वा कर्म,"न में कर्ता हूं न भोक्ता हूं न मेरे पहिले कर्म थे न अब हैं, न मेरे देह है, न विदेह है, फिर निर्ममता और ममता कैसे हो सकते हैं","न में कर्ता हूं न भोक्ता हूं न मेरे पहिले कर्म थे न अब हैं, न मेरे देह है, न विदेह है, फिर निर्ममता और ममता कैसे हो सकते हैं",100.00000000000004,100.0
105,स्वमल्पबुद्धधा नृपते प्राणानुत्स्रष्टुमर्हसि अथवाप्यवगच्छामि न वृद्धाः सेवितास्त्वया,नरेश्वर ! तुम अपनी अल्पबुद्धिके कारण ही आज प्राण त्याग करने को उतारू हो गये हो अथवा मैं समझता हूँ कि तुमने कभी वृद्धपुरुषका सेवन नहीं किया है,नरेश्वर! तुम अपनी अल्पबुद्धिके कारण ही आज प्राण त्याग करने को उतारू हो गये हो अथवा मैं समझता हूँ कि तुमने कभी वृद्धपुरुषका सेवन नहीं किया है,100.00000000000004,100.0
106,अतीतानागतं कर्म वर्तमानं तथैव च न करोमि न भुञ्जामि इति मे निश्चला मतिः,जो बीत गए हैं जो आनेवाले हैं और वर्तमान हैं ऐसे जो कर्म हैं उनको में न करता हूँ न भोगता हूँ यह मेरी निश्चल बुद्धि है,जो बीत गए हैं जो आनेवाले हैं और वर्तमान हैं ऐसे जो कर्म हैं उनको में न करता हूँ न भोगता हूँ यह मेरी निश्चल बुद्धि है,100.00000000000004,100.0
107,भुञ्जामि तथैव मे न च निश्चला अतीतानागतं करोमि कर्म वर्तमानं मतिः न इति,जो बीत गए हैं जो आनेवाले हैं और वर्तमान हैं ऐसे जो कर्म हैं उनको में न करता हूँ न भोगता हूँ यह मेरी निश्चल बुद्धि है,जो बीत गए हैं जो आनेवाले हैं और वर्तमान हैं ऐसे जो कर्म हैं उनको में न करता हूँ न भोगता हूँ यह मेरी निश्चल बुद्धि है,100.00000000000004,100.0
108,न कर्म इति मे निश्चला भुञ्जामि वर्तमानं तथैव करोमि न च मतिः अतीतानागतं,जो बीत गए हैं जो आनेवाले हैं और वर्तमान हैं ऐसे जो कर्म हैं उनको में न करता हूँ न भोगता हूँ यह मेरी निश्चल बुद्धि है,जो बीत गए हैं जो आनेवाले हैं और वर्तमान हैं ऐसे जो कर्म हैं उनको में न करता हूँ न भोगता हूँ यह मेरी निश्चल बुद्धि है,100.00000000000004,100.0
109,कथमित्युच्यते—,किस प्रकार विचार किया सो बतलाते हैं,किस प्रकार विचार किया सो बतलाते हैं,100.00000000000004,100.0
110,कथमित्युच्यते—,किस प्रकार विचार किया सो बतलाते हैं,किस प्रकार विचार किया सो बतलाते हैं,100.00000000000004,100.0
111,कथमित्युच्यते—,किस प्रकार विचार किया सो बतलाते हैं,किस प्रकार विचार किया सो बतलाते हैं,100.00000000000004,100.0
112,पिता च माता च कुलं न जाति र्जन्मादिमृत्युर्न च मे कदाचित् ॥,न मेरे माता है न पिता है कुल है न जाति है मेरे कभी जन्म मृत्यु नहीं हैं स्नेह और मोह नहीं हैं फिर कैसे वर्णन करूँ में मोक्ष स्वरूप हूँ और निरोग हूँ,न मेरे माता है न पिता है कुल है न जाति है मेरे कभी जन्म मृत्यु नहीं हैं स्नेह और मोह नहीं हैं फिर कैसे वर्णन करूँ में मोक्ष स्वरूप हूँ और निरोग हूँ,100.00000000000004,100.0
113,च माता मे न च पिता र्जन्मादिमृत्युर्न जाति च कदाचित् कुलं ॥,न मेरे माता है न पिता है कुल है न जाति है मेरे कभी जन्म मृत्यु नहीं हैं स्नेह और मोह नहीं हैं फिर कैसे वर्णन करूँ में मोक्ष स्वरूप हूँ और निरोग हूँ,न मेरे माता है न पिता है कुल है न जाति है मेरे कभी जन्म मृत्यु नहीं हैं स्नेह और मोह नहीं हैं फिर कैसे वर्णन करूँ में मोक्ष स्वरूप हूँ और निरोग हूँ,100.00000000000004,100.0
114,च माता मे पिता च र्जन्मादिमृत्युर्न न जाति कुलं च कदाचित् ॥,न मेरे माता है न पिता है कुल है न जाति है मेरे कभी जन्म मृत्यु नहीं हैं स्नेह और मोह नहीं हैं फिर कैसे वर्णन करूँ में मोक्ष स्वरूप हूँ और निरोग हूँ,न मेरे माता है न पिता है कुल है न जाति है मेरे कभी जन्म मृत्यु नहीं हैं स्नेह और मोह नहीं हैं फिर कैसे वर्णन करूँ में मोक्ष स्वरूप हूँ और निरोग हूँ,100.00000000000004,100.0
115,भवत्वेवम्; किं तव नष्टं यद्येवं स्यात् ?,पूर्व ऐसा सिद्धान्त भले ही रहे; किन्तु यदि ऐसा हो भी तो तुम्हारी क्या हानि है ?,पूर्व ऐसा सिद्धान्त भले ही रहे; किन्तु यदि ऐसा हो भी तो तुम्हारी क्या हानि है?,100.00000000000004,100.0
116,किं तव भवत्वेवम्; ? नष्टं स्यात् यद्येवं,पूर्व ऐसा सिद्धान्त भले ही रहे; किन्तु यदि ऐसा हो भी तो तुम्हारी क्या हानि है ?,पूर्व ऐसा सिद्धान्त भले ही रहे; किन्तु यदि ऐसा हो भी तो तुम्हारी क्या हानि है?,100.00000000000004,100.0
117,भवत्वेवम्; किं तव ? यद्येवं नष्टं स्यात्,पूर्व ऐसा सिद्धान्त भले ही रहे; किन्तु यदि ऐसा हो भी तो तुम्हारी क्या हानि है ?,पूर्व ऐसा सिद्धान्त भले ही रहे; किन्तु यदि ऐसा हो भी तो तुम्हारी क्या हानि है?,100.00000000000004,100.0
118,कथं तर्ह्यलिङ्गस्य दर्शनम् उपपद्यत इत्युच्यते,तो फिर जिसका कोई लिङ्ग नहीं है उस [आत्मा] का दर्शन होना किस प्रकार सम्भव है ? इसपर कहा जाता है,तो फिर जिसका कोई लिङ्ग नहीं है उस [आत्मा] का दर्शन होना किस प्रकार सम्भव है? इसपर कहा जाता है,100.00000000000004,100.0
119,उपपद्यत तर्ह्यलिङ्गस्य इत्युच्यते कथं दर्शनम्,तो फिर जिसका कोई लिङ्ग नहीं है उस [आत्मा] का दर्शन होना किस प्रकार सम्भव है ? इसपर कहा जाता है,तो फिर जिसका कोई लिङ्ग नहीं है उस [आत्मा] का दर्शन होना किस प्रकार सम्भव है? इसपर कहा जाता है,100.00000000000004,100.0
120,इत्युच्यते दर्शनम् तर्ह्यलिङ्गस्य कथं उपपद्यत,तो फिर जिसका कोई लिङ्ग नहीं है उस [आत्मा] का दर्शन होना किस प्रकार सम्भव है ? इसपर कहा जाता है,तो फिर जिसका कोई लिङ्ग नहीं है उस [आत्मा] का दर्शन होना किस प्रकार सम्भव है? इसपर कहा जाता है,100.00000000000004,100.0
121,अहो चित्त कथं भ्रान्तः प्रधावसि पिशाचवत् अभिन्नं पश्य चात्मानं रागत्यागात्सुखी भव,हे चित्त ! तू घबडाकर पिशाच की तरह क्यों दौडता फिरता है आत्मा को अभिन्नभाव में देख और विषयोंको छोडकर सुखी हो,हे चित्त! तू घबडाकर पिशाच की तरह क्यों दौडता फिरता है आत्मा को अभिन्नभाव में देख और विषयोंको छोडकर सुखी हो,100.00000000000004,100.0
122,पिशाचवत् अभिन्नं चात्मानं पश्य अहो चित्त कथं प्रधावसि रागत्यागात्सुखी भव भ्रान्तः,हे चित्त ! तू घबडाकर पिशाच की तरह क्यों दौडता फिरता है आत्मा को अभिन्नभाव में देख और विषयोंको छोडकर सुखी हो,हे चित्त! तू घबडाकर पिशाच की तरह क्यों दौडता फिरता है आत्मा को अभिन्नभाव में देख और विषयोंको छोडकर सुखी हो,100.00000000000004,100.0
123,चात्मानं पिशाचवत् पश्य कथं अहो अभिन्नं चित्त रागत्यागात्सुखी भव प्रधावसि भ्रान्तः,हे चित्त ! तू घबडाकर पिशाच की तरह क्यों दौडता फिरता है आत्मा को अभिन्नभाव में देख और विषयोंको छोडकर सुखी हो,हे चित्त! तू घबडाकर पिशाच की तरह क्यों दौडता फिरता है आत्मा को अभिन्नभाव में देख और विषयोंको छोडकर सुखी हो,100.00000000000004,100.0
124,किमु जपैश्च तपोभिरुताध्वरैरपि किमुत्तमतीर्थनिषेवणैः किमुत शास्त्रकदम्बविलोकनैर्भजत रे मनुजाः कमलापतिम्,"जप, तप, यज्ञ अथवा उत्तम उत्तम तीर्थोंके सेवनमें क्या रखा है ? अथवा अधिक शास्त्रावलोकनके पचड़ेमें पड़नेसे ही क्या होना है ? रे मनुष्यो ! बस श्रीकमलापतिको ही भजो","जप, तप, यज्ञ अथवा उत्तम उत्तम तीर्थोंके सेवनमें क्या रखा है? अथवा अधिक शास्त्रावलोकनके पचड़ेमें पड़नेसे ही क्या होना है? रे मनुष्यो! बस श्रीकमलापतिको ही भजो",100.00000000000004,100.0
125,त्वमेव तत्वं हि विकारवर्जितं निष्कम्पमेकं हि विमोक्षविग्रहम् ॥,तूही विकारतत्व एक निष्कल और मोक्षस्वरूप है न तेरे राग है न विराग है फिर विषय वासना में लीन होकर क्यों संताप करता है,तूही विकारतत्व एक निष्कल और मोक्षस्वरूप है न तेरे राग है न विराग है फिर विषय वासना में लीन होकर क्यों संताप करता है,100.00000000000004,100.0
126,तत्वं विकारवर्जितं हि विमोक्षविग्रहम् हि त्वमेव निष्कम्पमेकं ॥,तूही विकारतत्व एक निष्कल और मोक्षस्वरूप है न तेरे राग है न विराग है फिर विषय वासना में लीन होकर क्यों संताप करता है,तूही विकारतत्व एक निष्कल और मोक्षस्वरूप है न तेरे राग है न विराग है फिर विषय वासना में लीन होकर क्यों संताप करता है,100.00000000000004,100.0
127,विमोक्षविग्रहम् हि निष्कम्पमेकं त्वमेव विकारवर्जितं हि तत्वं ॥,तूही विकारतत्व एक निष्कल और मोक्षस्वरूप है न तेरे राग है न विराग है फिर विषय वासना में लीन होकर क्यों संताप करता है,तूही विकारतत्व एक निष्कल और मोक्षस्वरूप है न तेरे राग है न विराग है फिर विषय वासना में लीन होकर क्यों संताप करता है,100.00000000000004,100.0
128,तत्रैव च समाख्यातः स्वयंज्योतिर्हि पूरुषः जडः परप्रकाश्योऽयं कथं स्याद्देहकः पुमान्,वहीं यह भी बतलाया है कि पुरुष स्वयंप्रकाश है; फिर यह परप्रकाश्य जड देह पुरुष कैसे हो सकता है ?,वहीं यह भी बतलाया है कि पुरुष स्वयंप्रकाश है; फिर यह परप्रकाश्य जड देह पुरुष कैसे हो सकता है?,100.00000000000004,100.0
129,जडः पूरुषः पुमान् कथं परप्रकाश्योऽयं स्वयंज्योतिर्हि च समाख्यातः स्याद्देहकः तत्रैव,वहीं यह भी बतलाया है कि पुरुष स्वयंप्रकाश है; फिर यह परप्रकाश्य जड देह पुरुष कैसे हो सकता है ?,वहीं यह भी बतलाया है कि पुरुष स्वयंप्रकाश है; फिर यह परप्रकाश्य जड देह पुरुष कैसे हो सकता है?,100.00000000000004,100.0
130,तत्रैव पुमान् कथं स्वयंज्योतिर्हि परप्रकाश्योऽयं समाख्यातः पूरुषः स्याद्देहकः जडः च,वहीं यह भी बतलाया है कि पुरुष स्वयंप्रकाश है; फिर यह परप्रकाश्य जड देह पुरुष कैसे हो सकता है ?,वहीं यह भी बतलाया है कि पुरुष स्वयंप्रकाश है; फिर यह परप्रकाश्य जड देह पुरुष कैसे हो सकता है?,100.00000000000004,100.0
131,तेषामेको महानासीत् सर्वमल्लानथाद्वयत् आवल्गमानं तं रने नोपतिष्ठति कश्चन,"उन सबमें एक बहुत बड़ा पहलवान था जो दूसरे सब पहलवानोंको अपने साथ लड़नेके लिये ललकारता था जब वह अखाड़े में उतरकर उछलने लगा, उस समय कोई भी उसके समीप खड़ा न हो सका","उन सबमें एक बहुत बड़ा पहलवान था जो दूसरे सब पहलवानोंको अपने साथ लड़नेके लिये ललकारता था जब वह अखाड़े में उतरकर उछलने लगा, उस समय कोई भी उसके समीप खड़ा न हो सका",100.00000000000004,100.0
132,तेषामेको सर्वमल्लानथाद्वयत् रने आवल्गमानं महानासीत् कश्चन तं नोपतिष्ठति,"उन सबमें एक बहुत बड़ा पहलवान था जो दूसरे सब पहलवानोंको अपने साथ लड़नेके लिये ललकारता था जब वह अखाड़े में उतरकर उछलने लगा, उस समय कोई भी उसके समीप खड़ा न हो सका","उन सबमें एक बहुत बड़ा पहलवान था जो दूसरे सब पहलवानोंको अपने साथ लड़नेके लिये ललकारता था जब वह अखाड़े में उतरकर उछलने लगा, उस समय कोई भी उसके समीप खड़ा न हो सका",100.00000000000004,100.0
133,परेण सहजात्मापि ह्यभिन्नः प्रतिभाति मे व्योमाकारं तथैवैकं ध्याता ध्यानं कथं भवेत्,मुझको मालुम होता है कि परमेश्वर से जीवात्मा अलग नहीं है यह जीव आकाश के आकारका है एक है ध्यान करनेवाला है,मुझको मालुम होता है कि परमेश्वर से जीवात्मा अलग नहीं है यह जीव आकाश के आकारका है एक है ध्यान करनेवाला है,100.00000000000004,100.0
134,व्योमाकारं कथं ध्याता सहजात्मापि ह्यभिन्नः भवेत् ध्यानं मे तथैवैकं परेण प्रतिभाति,मुझको मालुम होता है कि परमेश्वर से जीवात्मा अलग नहीं है यह जीव आकाश के आकारका है एक है ध्यान करनेवाला है,मुझको मालुम होता है कि परमेश्वर से जीवात्मा अलग नहीं है यह जीव आकाश के आकारका है एक है ध्यान करनेवाला है,100.00000000000004,100.0
135,भवेत् तथैवैकं सहजात्मापि ह्यभिन्नः ध्याता कथं परेण व्योमाकारं ध्यानं मे प्रतिभाति,मुझको मालुम होता है कि परमेश्वर से जीवात्मा अलग नहीं है यह जीव आकाश के आकारका है एक है ध्यान करनेवाला है,मुझको मालुम होता है कि परमेश्वर से जीवात्मा अलग नहीं है यह जीव आकाश के आकारका है एक है ध्यान करनेवाला है,100.00000000000004,100.0
136,यदि सारविसारविहीन इति यदि शून्यविशून्यविहीन इति ॥,"यदि सार बिसार, शून्य, विशून्य, यह सब कुछ भी नहीं है, यदि एक और निरन्तर सर्व सत्य है तो पहिला वा पिछला किस तरह सम्भव हो सकता है","यदि सार बिसार, शून्य, विशून्य, यह सब कुछ भी नहीं है, यदि एक और निरन्तर सर्व सत्य है तो पहिला वा पिछला किस तरह सम्भव हो सकता है",100.00000000000004,100.0
137,इति यदि सारविसारविहीन इति शून्यविशून्यविहीन यदि ॥,"यदि सार बिसार, शून्य, विशून्य, यह सब कुछ भी नहीं है, यदि एक और निरन्तर सर्व सत्य है तो पहिला वा पिछला किस तरह सम्भव हो सकता है","यदि सार बिसार, शून्य, विशून्य, यह सब कुछ भी नहीं है, यदि एक और निरन्तर सर्व सत्य है तो पहिला वा पिछला किस तरह सम्भव हो सकता है",100.00000000000004,100.0
138,कौटिल्यदम्भसंयुक्ता सत्यशौचविवर्जिता केनापि निर्मिता नारीबन्धनं सर्वदेहिनाम्,"कुटिलता और कपट से भरी हुई, सत्य और शुद्धि वर्जित सब प्राणियों का बंधन रूप स्त्री को किसने बनाया","कुटिलता और कपट से भरी हुई, सत्य और शुद्धि वर्जित सब प्राणियों का बंधन रूप स्त्री को किसने बनाया",100.00000000000004,100.0
139,कौटिल्यदम्भसंयुक्ता सत्यशौचविवर्जिता नारीबन्धनं सर्वदेहिनाम् निर्मिता केनापि,"कुटिलता और कपट से भरी हुई, सत्य और शुद्धि वर्जित सब प्राणियों का बंधन रूप स्त्री को किसने बनाया","कुटिलता और कपट से भरी हुई, सत्य और शुद्धि वर्जित सब प्राणियों का बंधन रूप स्त्री को किसने बनाया",100.00000000000004,100.0
140,सत्यशौचविवर्जिता कौटिल्यदम्भसंयुक्ता सर्वदेहिनाम् केनापि निर्मिता नारीबन्धनं,"कुटिलता और कपट से भरी हुई, सत्य और शुद्धि वर्जित सब प्राणियों का बंधन रूप स्त्री को किसने बनाया","कुटिलता और कपट से भरी हुई, सत्य और शुद्धि वर्जित सब प्राणियों का बंधन रूप स्त्री को किसने बनाया",100.00000000000004,100.0
141,ग्राहकमेव कारणं किंचिन्न ग्राहको कार्यम् वा न नैव मम ॥,न तो कोई उसको पकडनेवाला है न वह पकडने योग्य है न मेरे कुछ कारण है न कार्य है वह ईश्वर विचार करने में नहीं आसकता है उसका रूप कैसे कहूँ में मोक्षरूप हूँ और निरोग हूँ,न तो कोई उसको पकडनेवाला है न वह पकडने योग्य है न मेरे कुछ कारण है न कार्य है वह ईश्वर विचार करने में नहीं आसकता है उसका रूप कैसे कहूँ में मोक्षरूप हूँ और निरोग हूँ,100.00000000000004,100.0
142,गगनं पवनो नहि सत्यमिति धरणी दहनो नहि सत्यमिति ॥,आकाश और पवन ये सच्चे नहीं हैं पृथिवी और दहन सच्चे नहीं हैं यदि एक है और भेद रहित सबमें शिवरूप है तो बादल और जल कैसे है,आकाश और पवन ये सच्चे नहीं हैं पृथिवी और दहन सच्चे नहीं हैं यदि एक है और भेद रहित सबमें शिवरूप है तो बादल और जल कैसे है,100.00000000000004,100.0
143,गगनं धरणी नहि पवनो सत्यमिति सत्यमिति दहनो नहि ॥,आकाश और पवन ये सच्चे नहीं हैं पृथिवी और दहन सच्चे नहीं हैं यदि एक है और भेद रहित सबमें शिवरूप है तो बादल और जल कैसे है,आकाश और पवन ये सच्चे नहीं हैं पृथिवी और दहन सच्चे नहीं हैं यदि एक है और भेद रहित सबमें शिवरूप है तो बादल और जल कैसे है,100.00000000000004,100.0
144,सत्यमिति नहि दहनो नहि धरणी पवनो सत्यमिति गगनं ॥,आकाश और पवन ये सच्चे नहीं हैं पृथिवी और दहन सच्चे नहीं हैं यदि एक है और भेद रहित सबमें शिवरूप है तो बादल और जल कैसे है,आकाश और पवन ये सच्चे नहीं हैं पृथिवी और दहन सच्चे नहीं हैं यदि एक है और भेद रहित सबमें शिवरूप है तो बादल और जल कैसे है,100.00000000000004,100.0
145,आत्मानं सततं विद्धि सर्वत्रैकं निरन्तरम् अहं ध्याता परं ध्येयमखण्ड खण्ड्यते कथम्,आत्मा सदा सब जगह एक है और नित्य है यह जानो में ध्यान करनेवाला और परमध्येय अर्थात् ध्यानके योग्य हूं यह कहकर उस अखण्डित पुरुषको किस प्रकार से खण्डित करते हो,आत्मा सदा सब जगह एक है और नित्य है यह जानो में ध्यान करनेवाला और परमध्येय अर्थात् ध्यानके योग्य हूं यह कहकर उस अखण्डित पुरुषको किस प्रकार से खण्डित करते हो,100.00000000000004,100.0
146,अहं सर्वत्रैकं निरन्तरम् परं खण्ड्यते ध्याता विद्धि सततं कथम् आत्मानं ध्येयमखण्ड,आत्मा सदा सब जगह एक है और नित्य है यह जानो में ध्यान करनेवाला और परमध्येय अर्थात् ध्यानके योग्य हूं यह कहकर उस अखण्डित पुरुषको किस प्रकार से खण्डित करते हो,आत्मा सदा सब जगह एक है और नित्य है यह जानो में ध्यान करनेवाला और परमध्येय अर्थात् ध्यानके योग्य हूं यह कहकर उस अखण्डित पुरुषको किस प्रकार से खण्डित करते हो,100.00000000000004,100.0
147,निरन्तरम् खण्ड्यते अहं सर्वत्रैकं ध्याता सततं परं कथम् ध्येयमखण्ड विद्धि आत्मानं,आत्मा सदा सब जगह एक है और नित्य है यह जानो में ध्यान करनेवाला और परमध्येय अर्थात् ध्यानके योग्य हूं यह कहकर उस अखण्डित पुरुषको किस प्रकार से खण्डित करते हो,आत्मा सदा सब जगह एक है और नित्य है यह जानो में ध्यान करनेवाला और परमध्येय अर्थात् ध्यानके योग्य हूं यह कहकर उस अखण्डित पुरुषको किस प्रकार से खण्डित करते हो,100.00000000000004,100.0
148,सुखार्थप्रबोधनार्थम् अल्पग्रन्था काठकोपनिषद्वल्लीनां अथ वृत्तिरारभ्यते,अब कठोपनिषद्की वल्लियोंको सुगमतासे समझानेके लिये यह संक्षिप्त वृत्ति आरम्भ की जाती है,अब कठोपनिषद्की वल्लियोंको सुगमतासे समझानेके लिये यह संक्षिप्त वृत्ति आरम्भ की जाती है,100.00000000000004,100.0
149,काठकोपनिषद्वल्लीनां अल्पग्रन्था अथ वृत्तिरारभ्यते सुखार्थप्रबोधनार्थम्,अब कठोपनिषद्की वल्लियोंको सुगमतासे समझानेके लिये यह संक्षिप्त वृत्ति आरम्भ की जाती है,अब कठोपनिषद्की वल्लियोंको सुगमतासे समझानेके लिये यह संक्षिप्त वृत्ति आरम्भ की जाती है,100.00000000000004,100.0
150,सुता भर्तारमनुशोचति दमयन्ती तव वचनमब्रवीत् भीमं महाराजं ततो भार्या,तदनन्तर महाराज भीमसे उनकी पत्नीने कहा प्राण नाथ ! आपकी पुत्री दमयन्ती अपने पतिके लिये निरन्तर शोक में डूबी रहती है,तदनन्तर महाराज भीमसे उनकी पत्नीने कहा प्राण नाथ! आपकी पुत्री दमयन्ती अपने पतिके लिये निरन्तर शोक में डूबी रहती है,100.00000000000004,100.0
151,सुता भर्तारमनुशोचति भीमं ततो भार्या दमयन्ती तव वचनमब्रवीत् महाराजं,तदनन्तर महाराज भीमसे उनकी पत्नीने कहा प्राण नाथ ! आपकी पुत्री दमयन्ती अपने पतिके लिये निरन्तर शोक में डूबी रहती है,तदनन्तर महाराज भीमसे उनकी पत्नीने कहा प्राण नाथ! आपकी पुत्री दमयन्ती अपने पतिके लिये निरन्तर शोक में डूबी रहती है,100.00000000000004,100.0
152,दुर्बोधबोधगहनो न भवामि तात दुर्लक्ष्यलक्ष्यगहनो न भवामि तात ॥,"खोटा ज्ञान मुझको नहीं है, कठिन से जो देखने में आवे ऐसा भी नहीं हूं, हे तात! समीप में प्राप्त होने वाला जिसका रूप है ऐसा भी नहीं हूँ, हे तात! में ज्ञान और अमृत स्वरूप हूँ समान रस हूँ आकाश के समान हूँ","खोटा ज्ञान मुझको नहीं है, कठिन से जो देखने में आवे ऐसा भी नहीं हूं, हे तात! समीप में प्राप्त होने वाला जिसका रूप है ऐसा भी नहीं हूँ, हे तात! में ज्ञान और अमृत स्वरूप हूँ समान रस हूँ आकाश के समान हूँ",100.00000000000004,100.0
153,भवामि न भवामि न तात दुर्लक्ष्यलक्ष्यगहनो दुर्बोधबोधगहनो तात ॥,"खोटा ज्ञान मुझको नहीं है, कठिन से जो देखने में आवे ऐसा भी नहीं हूं, हे तात! समीप में प्राप्त होने वाला जिसका रूप है ऐसा भी नहीं हूँ, हे तात! में ज्ञान और अमृत स्वरूप हूँ समान रस हूँ आकाश के समान हूँ","खोटा ज्ञान मुझको नहीं है, कठिन से जो देखने में आवे ऐसा भी नहीं हूं, हे तात! समीप में प्राप्त होने वाला जिसका रूप है ऐसा भी नहीं हूँ, हे तात! में ज्ञान और अमृत स्वरूप हूँ समान रस हूँ आकाश के समान हूँ",100.00000000000004,100.0
154,तात भवामि न तात दुर्लक्ष्यलक्ष्यगहनो भवामि दुर्बोधबोधगहनो न ॥,"खोटा ज्ञान मुझको नहीं है, कठिन से जो देखने में आवे ऐसा भी नहीं हूं, हे तात! समीप में प्राप्त होने वाला जिसका रूप है ऐसा भी नहीं हूँ, हे तात! में ज्ञान और अमृत स्वरूप हूँ समान रस हूँ आकाश के समान हूँ","खोटा ज्ञान मुझको नहीं है, कठिन से जो देखने में आवे ऐसा भी नहीं हूं, हे तात! समीप में प्राप्त होने वाला जिसका रूप है ऐसा भी नहीं हूँ, हे तात! में ज्ञान और अमृत स्वरूप हूँ समान रस हूँ आकाश के समान हूँ",100.00000000000004,100.0
155,अभिन्नं कुत्सितः हि गतो मोक्षमव्ययम् आत्मानं वर्तते काको प्रति नरकं चामृतंहित्वा,अमृतरूपी भेद रहित मोक्ष स्वरूप अविनाशी आत्मा को छोडकर लोटा कौआ नरक की और जाता है,अमृतरूपी भेद रहित मोक्ष स्वरूप अविनाशी आत्मा को छोडकर लोटा कौआ नरक की और जाता है,100.00000000000004,100.0
156,मोक्षमव्ययम् वर्तते अभिन्नं कुत्सितः प्रति नरकं हि काको चामृतंहित्वा गतो आत्मानं,अमृतरूपी भेद रहित मोक्ष स्वरूप अविनाशी आत्मा को छोडकर लोटा कौआ नरक की और जाता है,अमृतरूपी भेद रहित मोक्ष स्वरूप अविनाशी आत्मा को छोडकर लोटा कौआ नरक की और जाता है,100.00000000000004,100.0
